84.558;Soins palliatifs : vers une régression?
87.558;Soins palliatifs : vers une régression?
90.558;Soins palliatifs : vers une régression?
93.558;Soins palliatifs : vers une régression?
96.558;Soins palliatifs : vers une régression?
99.558;Soins palliatifs : vers une régression?
102.558;Soins palliatifs : vers une régression?
105.558;Soins palliatifs : vers une régression?
108.558;Soins palliatifs : vers une régression?
111.558;Soins palliatifs : vers une régression?
114.558;Soins palliatifs : vers une régression?
117.558;Soins palliatifs : vers une régression?
120.558;Soins palliatifs : vers une régression?
123.558;Soins palliatifs : vers une régression?
126.558;Soins palliatifs : vers une régression?
129.558;Soins palliatifs : vers une régression?
132.558;Soins palliatifs : vers une régression?
135.558;Soins palliatifs : vers une régression?
138.558;Soins palliatifs : vers une régression?
141.558;Soins palliatifs : vers une régression?
144.558;Soins palliatifs : vers une régression?
147.558;Soins palliatifs : vers une régression?
150.558;Soins palliatifs : vers une régression?
153.558;Soins palliatifs : vers une régression?
156.558;Soins palliatifs : vers une régression?
159.558;Soins palliatifs : vers une régression?
162.558;Soins palliatifs : vers une régression?
165.558;Soins palliatifs : vers une régression?
168.558;Soins palliatifs : vers une régression?
171.558;Soins palliatifs : vers une régression?
174.558;Soins palliatifs : vers une régression?
177.558;Soins palliatifs : vers une régression?
180.558;Soins palliatifs : vers une régression?
183.558;Soins palliatifs : vers une régression?
186.558;Soins palliatifs : vers une régression?
189.558;Soins palliatifs : vers une régression?
192.558;Soins palliatifs : vers une régression?
195.558;Soins palliatifs : vers une régression?
198.558;Soins palliatifs : vers une régression?
201.558;Soins palliatifs : vers une régression?
204.558;Soins palliatifs : vers une régression?
207.558;Soins palliatifs : vers une régression?
210.558;Soins palliatifs : vers une régression?
213.558;Soins palliatifs : vers une régression?
216.558;Soins palliatifs : vers une régression?
219.558;Soins palliatifs : vers une régression?
222.558;Soins palliatifs : vers une régression?
225.558;Soins palliatifs : vers une régression?
228.558;Soins palliatifs : vers une régression?
231.558;Soins palliatifs : vers une régression?
234.558;Soins palliatifs : vers une régression?
237.558;Soins palliatifs : vers une régression?
240.558;Soins palliatifs : vers une régression?
243.558;Soins palliatifs : vers une régression?
246.558;Soins palliatifs : vers une régression?
249.558;Soins palliatifs : vers une régression?
252.558;Soins palliatifs : vers une régression?
255.558;Soins palliatifs : vers une régression?
258.558;Soins palliatifs : vers une régression?
261.558;Soins palliatifs : vers une régression?
264.558;Soins palliatifs : vers une régression?
267.558;Soins palliatifs : vers une régression?
270.558;Soins palliatifs : vers une régression?
273.558;Soins palliatifs : vers une régression?
276.558;Soins palliatifs : vers une régression?
279.558;Soins palliatifs : vers une régression?
282.558;Soins palliatifs : vers une régression?
285.558;Soins palliatifs : vers une régression?
288.558;Soins palliatifs : vers une régression?
291.558;Soins palliatifs : vers une régression?
294.558;Soins palliatifs : vers une régression?
297.558;Soins palliatifs : vers une régression?
300.558;Soins palliatifs : vers une régression?
303.558;Soins palliatifs : vers une régression?
306.558;Soins palliatifs : vers une régression?
309.558;Soins palliatifs : vers une régression?
312.558;Soins palliatifs : vers une régression?
315.558;Soins palliatifs : vers une régression?
318.558;Soins palliatifs : vers une régression?
321.558;Soins palliatifs : vers une régression?
324.558;Soins palliatifs : vers une régression?
327.558;Soins palliatifs : vers une régression?
330.558;Soins palliatifs : vers une régression?
333.558;Soins palliatifs : vers une régression?
336.558;Soins palliatifs : vers une régression?
339.558;Soins palliatifs : vers une régression?
342.558;Soins palliatifs : vers une régression?
345.558;Soins palliatifs : vers une régression?
348.558;Soins palliatifs : vers une régression?
351.558;Soins palliatifs : vers une régression?
354.558;Soins palliatifs : vers une régression?
357.558;Soins palliatifs : vers une régression?
360.558;Soins palliatifs : vers une régression?
363.558;Soins palliatifs : vers une régression?
366.558;Soins palliatifs : vers une régression?
369.558;Soins palliatifs : vers une régression?
372.558;Soins palliatifs : vers une régression?
375.558;Soins palliatifs : vers une régression?
378.558;Soins palliatifs : vers une régression?
381.558;Soins palliatifs : vers une régression?
384.558;Soins palliatifs : vers une régression?
387.558;Soins palliatifs : vers une régression?
390.558;Soins palliatifs : vers une régression?
393.558;Soins palliatifs : vers une régression?
396.558;Soins palliatifs : vers une régression?
399.558;Soins palliatifs : vers une régression?
402.558;Soins palliatifs : vers une régression?
405.558;Soins palliatifs : vers une régression?
408.558;Soins palliatifs : vers une régression?
411.558;Soins palliatifs : vers une régression?
414.558;Soins palliatifs : vers une régression?
417.558;Soins palliatifs : vers une régression?
420.558;Soins palliatifs : vers une régression?
423.558;Soins palliatifs : vers une régression?
426.558;Soins palliatifs : vers une régression?
429.558;Soins palliatifs : vers une régression?
432.558;Soins palliatifs : vers une régression?
435.558;Soins palliatifs : vers une régression?
438.558;Soins palliatifs : vers une régression?
441.558;Soins palliatifs : vers une régression?
444.558;Soins palliatifs : vers une régression?
447.558;Soins palliatifs : vers une régression?
450.558;Soins palliatifs : vers une régression?
453.558;Soins palliatifs : vers une régression?
456.558;Soins palliatifs : vers une régression?
459.558;Soins palliatifs : vers une régression?
462.558;Soins palliatifs : vers une régression?
465.558;Soins palliatifs : vers une régression?
468.558;Soins palliatifs : vers une régression?
471.558;Soins palliatifs : vers une régression?
474.558;Soins palliatifs : vers une régression?
477.558;Soins palliatifs : vers une régression?
480.558;Soins palliatifs : vers une régression?
483.558;Soins palliatifs : vers une régression?
486.558;Soins palliatifs : vers une régression?
489.558;Soins palliatifs : vers une régression?
492.558;Soins palliatifs : vers une régression?
495.558;Soins palliatifs : vers une régression?
498.558;Soins palliatifs : vers une régression?
501.558;Soins palliatifs : vers une régression?
504.558;Soins palliatifs : vers une régression?
507.558;Soins palliatifs : vers une régression?
510.558;Soins palliatifs : vers une régression?
513.558;Soins palliatifs : vers une régression?
516.558;Soins palliatifs : vers une régression?
519.558;Soins palliatifs : vers une régression?
522.558;Soins palliatifs : vers une régression?
525.558;Soins palliatifs : vers une régression?
528.558;Soins palliatifs : vers une régression?
531.558;Soins palliatifs : vers une régression?
534.558;Soins palliatifs : vers une régression?
537.558;Soins palliatifs : vers une régression?
540.558;Soins palliatifs : vers une régression?
543.558;Soins palliatifs : vers une régression?
546.558;Soins palliatifs : vers une régression?
549.558;Soins palliatifs : vers une régression?
552.558;Soins palliatifs : vers une régression?
555.558;Soins palliatifs : vers une régression?
558.558;Soins palliatifs : vers une régression?
561.558;Soins palliatifs : vers une régression?
564.558;Soins palliatifs : vers une régression?
567.558;Soins palliatifs : vers une régression?
570.558;Soins palliatifs : vers une régression?
573.558;Soins palliatifs : vers une régression?
576.558;Soins palliatifs : vers une régression?
579.558;Soins palliatifs : vers une régression?
582.558;Soins palliatifs : vers une régression?
585.558;Soins palliatifs : vers une régression?
588.558;Soins palliatifs : vers une régression?
591.558;Soins palliatifs : vers une régression?
594.558;Soins palliatifs : vers une régression?
597.558;Soins palliatifs : vers une régression?
600.558;Soins palliatifs : vers une régression?
603.558;Soins palliatifs : vers une régression?
606.558;Soins palliatifs : vers une régression?
609.558;Soins palliatifs : vers une régression?
612.558;Soins palliatifs : vers une régression?
615.558;Soins palliatifs : vers une régression?
618.558;Soins palliatifs : vers une régression?
621.558;Soins palliatifs : vers une régression?
624.558;Soins palliatifs : vers une régression?
627.558;Soins palliatifs : vers une régression?
630.558;Soins palliatifs : vers une régression?
633.558;Soins palliatifs : vers une régression?
636.558;Soins palliatifs : vers une régression?
639.558;Soins palliatifs : vers une régression?
642.558;Soins palliatifs : vers une régression?
645.558;Soins palliatifs : vers une régression?
648.558;Soins palliatifs : vers une régression?
651.558;Soins palliatifs : vers une régression?
654.558;Soins palliatifs : vers une régression?
657.558;Soins palliatifs : vers une régression?
660.558;Soins palliatifs : vers une régression?
663.558;Soins palliatifs : vers une régression?
666.558;Soins palliatifs : vers une régression?
669.558;Soins palliatifs : vers une régression?
672.558;Soins palliatifs : vers une régression?
675.558;Soins palliatifs : vers une régression?
678.558;Soins palliatifs : vers une régression?
681.558;Soins palliatifs : vers une régression?
684.558;Soins palliatifs : vers une régression?
687.558;Soins palliatifs : vers une régression?
690.558;Soins palliatifs : vers une régression?
693.558;Soins palliatifs : vers une régression?
696.558;Soins palliatifs : vers une régression?
699.558;Soins palliatifs : vers une régression?
702.558;Soins palliatifs : vers une régression?
705.558;Soins palliatifs : vers une régression?
708.558;Soins palliatifs : vers une régression?
711.558;Soins palliatifs : vers une régression?
714.558;Soins palliatifs : vers une régression?
717.558;Soins palliatifs : vers une régression?
720.558;Soins palliatifs : vers une régression?
723.558;Soins palliatifs : vers une régression?
726.558;Soins palliatifs : vers une régression?
729.558;Soins palliatifs : vers une régression?
732.558;Soins palliatifs : vers une régression?
735.558;Soins palliatifs : vers une régression?
738.558;Soins palliatifs : vers une régression?
741.558;Soins palliatifs : vers une régression?
744.558;Soins palliatifs : vers une régression?
747.558;Soins palliatifs : vers une régression?
750.558;Soins palliatifs : vers une régression?
753.558;Soins palliatifs : vers une régression?
756.558;Soins palliatifs : vers une régression?
759.558;Soins palliatifs : vers une régression?
762.558;Soins palliatifs : vers une régression?
765.558;Soins palliatifs : vers une régression?
768.558;Soins palliatifs : vers une régression?
771.558;Soins palliatifs : vers une régression?
774.558;Soins palliatifs : vers une régression?
777.558;Soins palliatifs : vers une régression?
780.558;Soins palliatifs : vers une régression?
783.558;Soins palliatifs : vers une régression?
786.558;Soins palliatifs : vers une régression?
789.558;Soins palliatifs : vers une régression?
792.558;Soins palliatifs : vers une régression?
795.558;I Soins pal fs : vers une régression? I
798.558;Soins palliatifs : vers une régression?
801.558;Soins palliatifs : vers une régression?
804.558;Soins palliatifs : vers une régression?
807.558;Soins palliatifs : vers une régression?
810.558;Soins palliatifs : vers une régression?
813.558;Soins palliatifs : vers une régression?
816.558;Soins palliatifs : vers une régression?
